{"cameraMode":{"drawMode":0,"name":"Shaded","section":"Shading Mode"},"sceneLighting":false,"audioPlay":false,"sceneViewState":{"m_AlwaysRefresh":false,"showFog":true,"showSkybox":false,"showFlares":true,"showImageEffects":true,"showParticleSystems":true,"showVisualEffectGraphs":true,"m_FxEnabled":true},"in2DMode":false,"pivot":{"x":2.7702503204345705,"y":2.0317890644073488,"z":3.111967086791992},"rotation":{"x":0.09050784260034561,"y":-0.9093517661094666,"z":0.2786194384098053,"w":0.29541465640068056},"size":0.6791211366653442,"orthographic":false}