{"cameraMode":{"drawMode":0,"name":"Shaded","section":"Shading Mode"},"sceneLighting":true,"audioPlay":false,"sceneViewState":{"m_AlwaysRefresh":false,"showFog":true,"showSkybox":true,"showFlares":true,"showImageEffects":true,"showParticleSystems":true,"showVisualEffectGraphs":true,"m_FxEnabled":true},"in2DMode":false,"pivot":{"x":3.376030445098877,"y":3.5027904510498049,"z":0.9824441075325012},"rotation":{"x":0.08180490881204605,"y":-0.8459380865097046,"z":0.13591763377189637,"w":0.5091429352760315},"size":0.3242567777633667,"orthographic":false}