{"cameraMode":{"drawMode":0,"name":"Shaded","section":"Shading Mode"},"sceneLighting":true,"audioPlay":false,"sceneViewState":{"m_AlwaysRefresh":false,"showFog":true,"showSkybox":true,"showFlares":true,"showImageEffects":true,"showParticleSystems":true,"showVisualEffectGraphs":true,"m_FxEnabled":true},"in2DMode":false,"pivot":{"x":3.7751410007476808,"y":3.6882662773132326,"z":2.0259015560150148},"rotation":{"x":0.003271927358582616,"y":-0.15061412751674653,"z":0.0005013130139559507,"w":0.9885904788970947},"size":0.4049014747142792,"orthographic":false}